{
  "API Request from myABConnect-2" : {
    "transaction" : "API Request from myABConnect-2",
    "sampleCount" : 102,
    "errorCount" : 12,
    "errorPct" : 11.764706,
    "meanResTime" : 1355.0882352941176,
    "medianResTime" : 1065.5,
    "minResTime" : 276.0,
    "maxResTime" : 5937.0,
    "pct1ResTime" : 2375.4,
    "pct2ResTime" : 2940.3999999999996,
    "pct3ResTime" : 5852.879999999997,
    "throughput" : 6.688524590163935,
    "receivedKBytesPerSec" : 47.43826844262295,
    "sentKBytesPerSec" : 0.899077868852459
  },
  "API Request from myABStream-0" : {
    "transaction" : "API Request from myABStream-0",
    "sampleCount" : 99,
    "errorCount" : 0,
    "errorPct" : 0.0,
    "meanResTime" : 4807.363636363637,
    "medianResTime" : 3784.0,
    "minResTime" : 237.0,
    "maxResTime" : 12392.0,
    "pct1ResTime" : 10553.0,
    "pct2ResTime" : 10952.0,
    "pct3ResTime" : 12392.0,
    "throughput" : 6.885998469778118,
    "receivedKBytesPerSec" : 4.478588848508034,
    "sentKBytesPerSec" : 0.7935037299158377
  },
  "API Request from myABConnect-1" : {
    "transaction" : "API Request from myABConnect-1",
    "sampleCount" : 225,
    "errorCount" : 123,
    "errorPct" : 54.666668,
    "meanResTime" : 4937.822222222224,
    "medianResTime" : 4188.0,
    "minResTime" : 8.0,
    "maxResTime" : 15247.0,
    "pct1ResTime" : 11587.0,
    "pct2ResTime" : 12312.9,
    "pct3ResTime" : 15042.580000000002,
    "throughput" : 14.253135689851767,
    "receivedKBytesPerSec" : 33.05533532481313,
    "sentKBytesPerSec" : 0.8202976529836564
  },
  "API Request from myABConnect-0" : {
    "transaction" : "API Request from myABConnect-0",
    "sampleCount" : 225,
    "errorCount" : 0,
    "errorPct" : 0.0,
    "meanResTime" : 6620.506666666667,
    "medianResTime" : 7953.0,
    "minResTime" : 29.0,
    "maxResTime" : 15452.0,
    "pct1ResTime" : 14893.4,
    "pct2ResTime" : 14983.0,
    "pct3ResTime" : 15050.78,
    "throughput" : 14.440664912393299,
    "receivedKBytesPerSec" : 6.557528500256723,
    "sentKBytesPerSec" : 1.5935499366215262
  },
  "Total" : {
    "transaction" : "Total",
    "sampleCount" : 18397,
    "errorCount" : 9621,
    "errorPct" : 52.29657,
    "meanResTime" : 4323.89405881393,
    "medianResTime" : 3430.0,
    "minResTime" : 8.0,
    "maxResTime" : 15668.0,
    "pct1ResTime" : 9274.400000000001,
    "pct2ResTime" : 10645.499999999993,
    "pct3ResTime" : 14705.02,
    "throughput" : 70.17845017661914,
    "receivedKBytesPerSec" : 128.1079375555511,
    "sentKBytesPerSec" : 3.9684991259641573
  },
  "API request from Juakali" : {
    "transaction" : "API request from Juakali",
    "sampleCount" : 8000,
    "errorCount" : 0,
    "errorPct" : 0.0,
    "meanResTime" : 2830.073874999998,
    "medianResTime" : 2634.0,
    "minResTime" : 22.0,
    "maxResTime" : 12076.0,
    "pct1ResTime" : 5440.800000000001,
    "pct2ResTime" : 6001.0,
    "pct3ResTime" : 7053.99,
    "throughput" : 30.51734529613269,
    "receivedKBytesPerSec" : 28.31199026496685,
    "sentKBytesPerSec" : 3.397438831796022
  },
  "API Request from myABStream" : {
    "transaction" : "API Request from myABStream",
    "sampleCount" : 4647,
    "errorCount" : 4562,
    "errorPct" : 98.17086,
    "meanResTime" : 7170.236496664504,
    "medianResTime" : 7228.0,
    "minResTime" : 21.0,
    "maxResTime" : 13166.0,
    "pct1ResTime" : 10642.599999999999,
    "pct2ResTime" : 11156.8,
    "pct3ResTime" : 12039.719999999994,
    "throughput" : 308.7502491528802,
    "receivedKBytesPerSec" : 710.34251773138,
    "sentKBytesPerSec" : 1.5521445834163843
  },
  "API Request from myABConnect" : {
    "transaction" : "API Request from myABConnect",
    "sampleCount" : 5000,
    "errorCount" : 4910,
    "errorPct" : 98.2,
    "meanResTime" : 4053.6970000000006,
    "medianResTime" : 2174.0,
    "minResTime" : 821.0,
    "maxResTime" : 15668.0,
    "pct1ResTime" : 9600.900000000001,
    "pct2ResTime" : 13073.649999999932,
    "pct3ResTime" : 15137.909999999998,
    "throughput" : 315.21876182070355,
    "receivedKBytesPerSec" : 847.3934240440991,
    "sentKBytesPerSec" : 3.2460760189446476
  },
  "API Request from myABStream-1" : {
    "transaction" : "API Request from myABStream-1",
    "sampleCount" : 99,
    "errorCount" : 14,
    "errorPct" : 14.141414,
    "meanResTime" : 1037.7979797979797,
    "medianResTime" : 774.0,
    "minResTime" : 112.0,
    "maxResTime" : 3907.0,
    "pct1ResTime" : 2395.0,
    "pct2ResTime" : 3562.0,
    "pct3ResTime" : 3907.0,
    "throughput" : 6.7250866109639285,
    "receivedKBytesPerSec" : 41.88452083757897,
    "sentKBytesPerSec" : 0.8119777868351334
  }
}